frame_index,quat_w,quat_x,quat_y,quat_z,confidence,forward_x,forward_y,forward_z,right_x,right_y,right_z,up_x,up_y,up_z
0,0.9964184761047363,-0.0027885213494300842,0.08421171456575394,0.0071315220557153225,1.0,0.08976419270038605,-0.1648930162191391,0.9822182655334473,0.9942473769187927,0.07269719988107681,-0.07865925133228302,0.05843415483832359,-0.9836286902427673,-0.17047005891799927
